,epoch,train_loss,val_loss
0,1,2838.486762046814,0.0
1,2,1842.1189517974854,0.0
2,3,1623.2428770065308,0.0
3,4,1520.2933015823364,0.0
4,5,1448.3386206626892,705.3563661575317
5,6,1400.402135848999,0.0
6,7,1385.4721293449402,0.0
7,8,1350.4055380821228,0.0
8,9,1336.0110774040222,0.0
9,10,1303.4849181175232,656.2970414161682
10,11,1311.7787475585938,0.0
11,12,1294.6443848609924,0.0
