,epoch,train_loss,val_loss
0,1,1726.0479125976562,0.0
1,2,1150.773928642273,0.0
2,3,982.6336555480957,0.0
