,epoch,train_loss,val_loss
0,1,3946.5379133224487,0.0
1,2,2246.433174610138,0.0
2,3,1719.0282683372498,0.0
3,4,1536.187219619751,0.0
4,5,1403.445065498352,436.84521770477295
5,6,1341.3255791664124,0.0
6,7,1307.448760509491,0.0
7,8,1278.8150568008423,0.0
8,9,1276.599361896515,0.0
9,10,1250.4215803146362,410.46079206466675
