,epoch,train_loss,val_loss
0,1,1194.671935081482,0.0
1,2,800.415397644043,0.0
2,3,680.1566648483276,0.0
3,4,593.0047240257263,0.0
4,5,554.5119795799255,530.4849014282227
5,6,533.051221370697,0.0
