,epoch,train_loss,val_loss
0,1,830.134913444519,0.0
1,2,518.754734992981,0.0
2,3,417.5306701660156,0.0
3,4,387.23455715179443,0.0
4,5,349.7659749984741,164.39594078063965
