,epoch,train_loss,val_loss
0,1,811835.2685241699,0.0
1,2,444850.20236206055,0.0
