,epoch,train_loss,val_loss
0,1,3393.7682151794434,0.0
1,2,2660.427309036255,0.0
2,3,2383.119414329529,0.0
3,4,2168.604229927063,0.0
4,5,2034.5860171318054,675.7838754653931
5,6,1908.5909905433655,0.0
6,7,1820.9165105819702,0.0
7,8,1737.4124088287354,0.0
8,9,1665.420997619629,0.0
9,10,1619.8951106071472,536.4414825439453
